{"get_configuration": {"tags": ["scan_both"], "apply_to_modules": ["test_scan_day_and_time"], "sections": [{"section": "syscheck", "elements": [{"disabled": {"value": "no"}}, {"scan_time": {"value": "12:00"}}, {"scan_day": {"value": "wednesday"}}, {"directories": {"value": "c:\\testdir1", "attributes": [{"check_all": "yes"}]}}]}], "metadata": {"fim_mode": "scheduled", "test_directories": "c:\\testdir1", "scan_day": "wednesday", "scan_time": "12:00"}}, "configure_environment": null, "restart_syscheckd": null, "wait_for_fim_start": null, "tags_to_apply": "{'scan_both'}", "request": "<FixtureRequest for <Function test_scan_day_and_time[get_configuration4-tags_to_apply0]>>"}