{"get_configuration": {"tags": ["ossec_conf_report"], "apply_to_modules": ["test_report_changes_and_diff"], "sections": [{"section": "syscheck", "elements": [{"disabled": {"value": "no"}}, {"directories": {"value": "c:\\testdir_reports,c:\\testdir_nodiff", "attributes": [{"check_all": "yes"}, {"whodata": "yes"}, {"report_changes": "yes"}]}}, {"nodiff": {"value": "c:\\testdir_nodiff\\regular_file"}}]}], "metadata": {"fim_mode": "whodata", "report_changes": "yes", "test_directories": "c:\\testdir_reports,c:\\testdir_nodiff", "nodiff_file": "c:\\testdir_nodiff\\regular_file", "module_name": "test_report_changes_and_diff"}}, "configure_environment": null, "restart_syscheckd": null, "wait_for_fim_start": null, "folder": "c:\\testdir_nodiff", "checkers": "{'check_all'}", "tags_to_apply": "{'ossec_conf_report'}", "request": "<FixtureRequest for <Function test_reports_file_and_nodiff[get_configuration8-c:\\\\testdir_nodiff-checkers1-tags_to_apply0]>>"}