{"get_configuration": {"tags": ["single_registry_and_list"], "apply_to_modules": ["test_registry_ambiguous_duplicated_entries"], "sections": [{"section": "syscheck", "elements": [{"disabled": {"value": "no"}}, {"windows_registry": {"value": "HKEY_LOCAL_MACHINE\\SOFTWARE\\test_key1", "attributes": [{"check_all": "yes"}, {"arch": "64bit"}]}}, {"windows_registry": {"value": "HKEY_LOCAL_MACHINE\\SOFTWARE\\test_key1,HKEY_LOCAL_MACHINE\\SOFTWARE\\test_key2,HKEY_LOCAL_MACHINE\\SOFTWARE\\test_key3,HKEY_LOCAL_MACHINE\\SOFTWARE\\test_key4", "attributes": [{"check_all": "yes"}, {"arch": "64bit"}]}}]}], "metadata": {"fim_mode": "scheduled", "windows_registry_1": "HKEY_LOCAL_MACHINE\\SOFTWARE\\test_key1", "windows_registry_2": "HKEY_LOCAL_MACHINE\\SOFTWARE\\test_key2", "windows_registry_list": "HKEY_LOCAL_MACHINE\\SOFTWARE\\test_key1,HKEY_LOCAL_MACHINE\\SOFTWARE\\test_key2,HKEY_LOCAL_MACHINE\\SOFTWARE\\test_key3,HKEY_LOCAL_MACHINE\\SOFTWARE\\test_key4", "restrict_1": "overwritten_restrict$", "restrict_2": "restrict_test_|test_key"}}, "configure_environment": null, "restart_syscheckd": null, "wait_for_fim_start": null, "key": "HKEY_LOCAL_MACHINE", "subkey": "SOFTWARE\\test_key1", "arch": 256, "key_list": ["random_key"], "value_list": ["test_value"], "checkers": "{'check_type', 'check_size', 'check_perm', 'check_group', 'check_mtime', 'check_md5sum', 'check_owner', 'check_sha1sum', 'check_sha256sum'}", "tags_to_apply": "{'single_registry_and_list'}", "request": "<FixtureRequest for <Function test_duplicate_entries[get_configuration5-SOFTWARE\\\\test_key1-256-key_list12-value_list12-checkers12-tags_to_apply12-HKEY_LOCAL_MACHINE]>>"}