{"get_configuration": {"tags": ["ossec_conf"], "apply_to_modules": ["test_dir"], "sections": [{"section": "syscheck", "elements": [{"disabled": {"value": "no"}}, {"directories": {"value": "%TEST_ENV_ONE_PATH%, %TEST_ENV_MULTIPLES_PATH%", "attributes": [{"whodata": "yes"}]}}]}], "metadata": {"fim_mode": "whodata", "test_env_variables": "%TEST_ENV_ONE_PATH%, %TEST_ENV_MULTIPLES_PATH%", "module_name": "test_dir"}}, "put_env_variables": null, "configure_environment": null, "restart_syscheckd": null, "wait_for_fim_start": null, "directory": "c:\\testdir4", "request": "<FixtureRequest for <Function test_tag_directories[get_configuration2-c:\\\\testdir4]>>"}