{"get_configuration": {"tags": ["valid_regex", "valid_regex5"], "apply_to_modules": ["test_no_diff_valid"], "sections": [{"section": "syscheck", "elements": [{"disabled": {"value": "no"}}, {"nodiff": {"value": "^c:\\testdir1\\nodiff_prefix", "attributes": [{"type": "sregex"}]}}, {"directories": {"value": "c:\\testdir1,c:\\testdir2", "attributes": [{"check_all": "yes"}, "", {"report_changes": "yes"}]}}]}], "metadata": {"fim_mode": "scheduled"}}, "configure_environment": null, "restart_syscheckd": null, "wait_for_fim_start": null, "folder": "c:\\testdir1\\subdir", "filename": "btestfile2", "content": "b''", "hidden_content": false, "tags_to_apply": "{'valid_regex', 'valid_no_regex'}", "request": "<FixtureRequest for <Function test_no_diff_subdirectory[get_configuration8-c:\\\\testdir1\\\\subdir-btestfile2--False-tags_to_apply9]>>"}